ablation,mean_success_rate,ci95_success_rate,mean_contact_precision,ci95_contact_precision,mean_budget_violation_rate,ci95_budget_violation_rate,mean_fall_rate,ci95_fall_rate,mean_balance_margin,ci95_balance_margin,mean_recovery_success,ci95_recovery_success,mean_energy_contact_cost,ci95_energy_contact_cost,mean_calibration_error,ci95_calibration_error,groups,episodes_per_group
full_contact_budget_controller,0.696259,0.006566,0.630981,0.001010,0.107422,0.000998,0.055940,0.000953,0.625877,0.001373,0.582010,0.000775,0.229803,0.000436,0.067992,0.000473,245,84
greedy_budget_only,0.571866,0.008798,0.516568,0.001059,0.241192,0.001372,0.127741,0.001029,0.513385,0.001437,0.465068,0.000710,0.206173,0.000411,0.070393,0.000472,245,84
minus_balance_margin,0.622692,0.007726,0.554540,0.001011,0.189965,0.001268,0.104851,0.001006,0.534421,0.001345,0.507878,0.000734,0.217462,0.000447,0.069524,0.000428,245,84
minus_contact_cost_model,0.651506,0.007796,0.571760,0.001022,0.158105,0.001224,0.081992,0.000977,0.585490,0.001378,0.537718,0.000799,0.286304,0.000469,0.068851,0.000451,245,84
minus_episode_budget,0.619145,0.008641,0.550098,0.001026,0.200893,0.001342,0.103687,0.001021,0.549870,0.001466,0.498380,0.000804,0.219394,0.000453,0.069606,0.000486,245,84
minus_manipulation_reserve,0.631535,0.008099,0.558459,0.001082,0.177848,0.001208,0.093941,0.000969,0.565402,0.001344,0.515344,0.000723,0.221114,0.000429,0.069103,0.000467,245,84
minus_recovery_reserve,0.640185,0.008168,0.564417,0.001111,0.170961,0.001211,0.089396,0.000953,0.570290,0.001416,0.487877,0.000788,0.222824,0.000447,0.069064,0.000488,245,84
